npid,split,ann_vs_sim_c,ann_vs_sim_h,ann_vs_sim_q,ann_vs_sim_q0,jrn_vs_sim_c,jrn_vs_sim_h,jrn_vs_sim_q,jrn_vs_sim_q0,ann_vs_jrn_c,ann_vs_jrn_h,ann_vs_jrn_q,ann_vs_jrn_q0
NP0331267,test,0.7885911142824873,0.8995983930683361,0.7085753498459754,0.7117194441198532,0.849118542576748,0.8980198690804454,0.7096927833266319,0.7122028870339533,0.9154579649587884,0.9881446753234686,0.9789867858406593,0.9789867858406593
NP0331268,test,0.8151352937679323,0.8293857557853831,0.6410193375501365,0.6410193375501365,0.818335445907914,0.8445543388291529,0.669081835414617,0.669081835414617,0.974894742630875,0.9203882686180194,0.9265500290102234,0.9265500290102234
NP0331269,test,0.7831857784908922,0.8779875156954009,0.6633794887478779,0.6746398806285341,0.787807352047553,0.8797303235186155,0.6633116289123324,0.6727235982276745,0.9753315583218363,0.9290698122714145,0.9670190059806749,0.9670190059806749
NP0331270,val,0.8107232537057812,0.86519354015485,0.6817308760485445,0.6762110974766062,0.8063772947726909,0.8892642698589263,0.7085397545661972,0.7181794113498221,0.974831964919764,0.9661768128196786,0.9555701455863875,0.9555701455863875
NP0331271,val,0.8192369162088533,0.885979044864625,0.6486362007495933,0.6515638887925924,0.814219720424364,0.8767289129661101,0.6863805900487339,0.6863805900487339,0.9737401130391865,0.9465473432628747,0.9351344778093089,0.9351344778093089
NP0331272,val,0.8218431831882685,0.887111630095276,0.6835636247988903,0.6868026360807034,0.8284537769536698,0.8887475285778427,0.6851325697346977,0.6877627886284566,0.9748179128107566,0.9883040464995669,0.9779928753360363,0.9779928753360363
NP0331273,test,0.8093029486327323,0.8693772962098745,0.6736502194659336,0.7144312222229132,0.820743670082182,0.8980642710667224,0.7258199374559626,0.732925583333352,0.9528101079495607,0.935190760714815,0.9029907193296188,0.9535317541091081
NP0331323,test,0.6757624549316354,0.8744452948880179,0.6203311769312245,0.6454015696586344,0.7735202524971104,0.8926642454226921,0.7227808492627171,0.7227808492627171,0.6990304532983368,0.9226584406857437,0.7683844232315693,0.7683844232315693
NP0331324,test,0.5938447542351719,0.8471099833042958,0.6703100092979235,0.6703100092979235,0.7843413244592624,0.8653376507972612,0.7025190214220882,0.7051200289835926,0.7022673666096665,0.9694559118970357,0.8797765534619114,0.8797765534619114
NP0331325,val,0.5988048464836795,0.8549054925319025,0.6727490025864507,0.6727490025864507,0.785788746143112,0.8565212638746115,0.6869907562189128,0.6869907562189128,0.6522243869732482,0.992063570431795,0.9227731890167177,0.9227731890167177
NP0331326,val,0.6679545451575879,0.839095523918957,0.6548644066409843,0.6640214247651972,0.7914444740746301,0.8534647324179551,0.6879919673536468,0.6879919673536468,0.7964302605623138,0.9639106486893181,0.9242748873548544,0.9242748873548544
NP0331327,val,0.7380076194581676,0.8496809385242596,0.7051290353267904,0.7051290353267904,0.766735069664781,0.8511114518002076,0.7051705032287006,0.7051705032287006,0.9477280553834527,0.9953222266827098,0.9237786225544857,0.9237786225544857
NP0331338,val,0.6672712846539363,0.6080267463084721,0.6055843212106945,0.6055843212106945,0.7828301698639211,0.633308156768477,0.7020997552893454,0.7020997552893454,0.8352478126648629,0.9143501030925186,0.8479432429886299,0.8479432429886299
NP0331343,val,0.7962569379485411,0.8652476034244558,0.7184630060035668,0.7184630060035668,0.8084707240267497,0.8901396146452641,0.7292627849726472,0.7292627849726472,0.9778512585517214,0.9384941004021061,0.9288935353313447,0.9288935353313447
NP0331345,test,0.7239927436366882,0.859377031776645,0.5926287646066623,0.5941015154391802,0.7233009777007519,0.8750878323420287,0.595356935376078,0.5997829741136552,0.9962613266897324,0.9345230123754407,0.9084569413609332,0.9442679362361427
NP0331364,val,0.7969836023391766,0.7652126182474885,0.6632941772708469,0.6798924013485875,0.8247138347181062,0.8077727936632255,0.6916551611261127,0.6834421944441578,0.9414290127705306,0.775653955613101,0.8740130677451607,0.8792688710055669
NP0331367,val,0.9142262312608938,0.763767802649908,0.6984660170074006,0.6984660170074006,0.930501940733374,0.8725132302038983,0.8151247492918668,0.8151247492918668,0.9645018818861227,0.8336882355890103,0.7891770543622314,0.7891770543622314
NP0331371,test,0.8979190178547914,0.8089305461187333,0.7012752501846748,0.7012752501846748,0.9480457587534415,0.9042707031242689,0.815731801223436,0.815731801223436,0.9435907920333667,0.8461347508853211,0.8136374400429647,0.8136374400429647
NP0331376,test,0.6633208855772618,0.7732057245368101,0.683641771798704,0.683641771798704,0.7734533002628008,0.7719429730290288,0.6647042326005872,0.6647042326005872,0.8725419374880501,0.9945013290744751,0.9223987759621766,0.9223987759621766
NP0331377,val,0.5331695079484257,0.7808415454504681,0.5972208885304381,0.6481569729696115,0.6784682565982225,0.7792553197094114,0.6393266067520561,0.651861125529091,0.6724897705844783,0.984816565336497,0.7475305107200673,0.8694338511205522
NP0331378,test,0.6824382043442588,0.7892330287680472,0.6066329195672564,0.6719381227625372,0.7913033682142099,0.7948447242468705,0.6360796510080401,0.6610107263345667,0.8276199942548256,0.9949054062115009,0.8722339502906038,0.9366555226037634
NP0331381,val,0.8066455692017103,0.8238369730367314,0.6062570040944697,0.6941188816429148,0.7475118276587732,0.7811743817759763,0.6012021231501812,0.6012021231501812,0.8045254153995699,0.8731842345413066,0.6901531592845399,0.7596498200786946
NP0331384,val,0.5208450727253311,0.70921672543771,0.4951733988179996,0.5052394727241509,0.8726746097325919,0.7144697018685114,0.7253112606874512,0.7253112606874512,0.4722543558328077,0.9404569998686771,0.6394408882787331,0.6394408882787331
NP0331385,test,0.6561194770698305,0.74229372443709,0.6162935976431815,0.6351808802399119,0.8755609610559174,0.6998384476412604,0.7229008119473067,0.7229008119473067,0.6292882329613692,0.8756342063810413,0.6521355528852073,0.6550012855873208
NP0331390,val,0.7539556937367379,0.8056902352508343,0.6442271356383311,0.6542891362601442,0.7671011851531468,0.8417535230057448,0.6575099510967185,0.6677555837281811,0.9611582064029014,0.9326705998073261,0.9207504264632984,0.9308865044994586
NP0332281,test,0.8410639141236383,0.7980454569957731,0.6493402942577278,0.6730181152470511,0.8386043673899062,0.7987072612566254,0.6673733157795253,0.6673733157795253,0.9915548184387012,0.9892534009321761,0.8827064583014959,0.9474354909877478
NP0332299,test,0.7802585176807737,0.7669830346987083,0.6096767143792511,0.6488144509727845,0.8736382294873299,0.8548082120113845,0.7577502220873833,0.7577502220873833,0.8902205458747574,0.8351389428690497,0.7453726198916889,0.8016132947514776
NP0332300,val,0.7393421658408338,0.7030386259114831,0.6369558237065077,0.6369558237065077,0.7736655573540221,0.725481398766958,0.6994947923187744,0.6994947923187744,0.9547501551571911,0.9139686393467047,0.8534207730920441,0.8534207730920441
NP0332301,val,0.7727270571731815,0.7460414502732551,0.6102827541376329,0.617201287463044,0.7904458948337731,0.7627787595937274,0.6048958596892541,0.6168565797210371,0.9305393509105844,0.9312018248638049,0.9054192968319219,0.9054192968319219
NP0332302,test,0.8280202796671547,0.7964545765262974,0.6963231776737818,0.6963231776737818,0.8871366919838488,0.8705741815353141,0.7855020608668739,0.7855020608668739,0.9297053148456738,0.8729827146876148,0.8683250442546733,0.8683250442546733
NP0332303,val,0.7401565987495502,0.7591492892940087,0.5340712434937928,0.5565040120797418,0.73027961872626,0.7892823455163613,0.5525673816872936,0.5983816480459239,0.9794149037875415,0.8877510553334895,0.9076889322798708,0.9076889322798708
NP0332304,test,0.7316145118793044,0.7672526091131686,0.671457142056605,0.671457142056605,0.765055224960884,0.8305727317232281,0.6734604365504968,0.6734604365504968,0.9578603179436131,0.8472828056282704,0.9084397775198237,0.9084397775198237
NP0332305,val,0.8249889914182518,0.7806919556056554,0.6649662807107448,0.654445080611104,0.8713798201570172,0.8698227193459347,0.7775878470871673,0.7783299464216507,0.9329156678146767,0.8487349788078304,0.8015070501524739,0.802001498539478
NP0332306,val,0.6701890275258863,0.7315127791027994,0.4956489596560287,0.4956489596560287,0.6766145657480795,0.7294237795455732,0.47659544689981,0.47659544689981,0.967184066635786,0.9764341855517924,0.8207757152882913,0.8999572090661572
NP0332307,val,0.5532159874235146,0.7995444235346647,0.617135783510491,0.617135783510491,0.6906259187302932,0.801843799591016,0.6152805435323035,0.6152805435323035,0.6278164350995326,0.9907527193125802,0.9673884588540116,0.9673884588540116
NP0332308,test,0.714234686943774,0.7631872121711524,0.5290795388904178,0.5290795388904178,0.7159204126595125,0.7616480896191461,0.5284949550407705,0.5284949550407705,0.8911241886317074,0.9881092969871708,0.9638908819534151,0.9638908819534151
NP0332310,val,0.6086302814392391,0.6942769899927811,0.4163468743720117,0.4385720582459691,0.6634550833300785,0.7132428344062425,0.4830844825139724,0.4830844825139724,0.8585124379710778,0.9298957341668608,0.7913878608314148,0.8880155537832936
NP0332315,test,0.5828364782329777,0.8632937758485384,0.6676821097875527,0.6676821097875527,0.8084204998963107,0.9013359159477001,0.7061458842129595,0.7061458842129595,0.7072251383401345,0.937962473296555,0.9127184744200054,0.9127184744200054
NP0332316,val,0.6514649108594289,0.7979072084089088,0.6594566243297136,0.6703481730655958,0.8275037814703857,0.8599960064459632,0.7396210650894419,0.7496567708148874,0.762433779211203,0.9182474521032626,0.8750824287805214,0.8750824287805214
NP0332317,test,0.708560174604965,0.7968019759415609,0.5838858079187498,0.5838858079187498,0.8640311629917024,0.893273354160362,0.7200666426293901,0.7200666426293901,0.8055179290438581,0.8683545420483498,0.787937590272996,0.7881353355173741
NP0332318,test,0.7745256426526428,0.8054807264536304,0.47669455291166557,0.5850054693839465,0.7962153210898771,0.8883451081168661,0.7099422033088646,0.7099422033088646,0.9661661987211785,0.8828317170374155,0.5594660139698571,0.7141852579954805
NP0332320,test,0.7542823947740991,0.8120578873130679,0.610109269484331,0.6777508055012158,0.775510399171605,0.8304160582067177,0.6725812477069282,0.6979158255381603,0.969993796420332,0.9641414588231693,0.8523343059201026,0.9187259998932713
NP0332321,val,0.6301127734004878,0.8398785636558337,0.6992746832780206,0.7095015180303562,0.7826620272001308,0.8634388161287462,0.7256794230583793,0.7357950100556571,0.7361750811447669,0.9582694791223703,0.9272059181663465,0.9272059181663465
NP0332322,val,0.6527883774467553,0.7610132233677099,0.5591257109449509,0.5604269288700515,0.8443355854944481,0.8515613752989916,0.7001147880392061,0.701282217477921,0.7909257250493209,0.8623270533675536,0.7340248469210223,0.7352279851845948
NP0332323,test,0.5097452625789607,0.7305392934882645,0.6585435679222185,0.6585435679222185,0.7800803792530744,0.8884327365136879,0.6838276371356539,0.6838276371356539,0.6487738520303988,0.7200865914149503,0.9290042462384502,0.9290042462384502
NP0332325,test,0.7977103014212019,0.8378507049872984,0.7024954400814489,0.7024954400814489,0.8837382069306026,0.8796200797895283,0.7732506199886323,0.7732506199886323,0.9007099316312813,0.9043529626984617,0.8854356618997992,0.8854356618997992
NP0332326,test,0.5849500253382578,0.8003640890234824,0.6323017810101648,0.6630740930327395,0.7991167795508579,0.8405868406678858,0.736852050605797,0.7477394698410345,0.7048075095555402,0.9264584075589284,0.8091820877653748,0.8591813184150083
NP0332329,test,0.5964082004654432,0.7781409960225766,0.5524953227701803,0.5524953227701803,0.6678448476693697,0.7959169362396448,0.6355761036463612,0.6355761036463612,0.8593833607587217,0.9266189588432163,0.7419444487949065,0.7419444487949065
NP0332331,val,0.7635604362212898,0.7972467030764079,0.18395625261778728,0.6358189802717051,0.8413689836630153,0.9120765541131393,0.7762581223929086,0.7762581223929086,0.8942719909715894,0.8112155312495417,0.16295815116545165,0.7565441995474957
NP0332332,test,0.6691132281382287,0.8320961069195385,0.6295925086223672,0.6295925086223672,0.7342561406903725,0.8757959704182381,0.6670401582673811,0.6670401582673811,0.8206360382918154,0.9215102096954393,0.897822486257541,0.897822486257541
NP0332333,val,0.8487060694755622,0.805042725671248,0.6554342282006778,0.6554342282006778,0.9061509440615289,0.8335216794355296,0.7169734878516125,0.7169734878516125,0.8984822062876179,0.9081524812144666,0.8512320587306637,0.8512320587306637
NP0332335,test,0.7507458756236207,0.844257138433906,0.5923968192295551,0.5923968192295551,0.7566804318652749,0.8547317064964599,0.6290959736016752,0.6290959736016752,0.9771799801065105,0.9661956944436629,0.9306455682699992,0.9306455682699992
NP0332336,val,0.7202930679884055,0.824768453965432,0.616481624180926,0.616481624180926,0.7675342596278278,0.8599374625108317,0.6854431805453569,0.6854431805453569,0.9166395965920437,0.8986958887973424,0.8401669265282192,0.8401669265282192
NP0332337,val,0.864853045664476,0.8328686943303691,0.694890595881423,0.694890595881423,0.8930770475168852,0.8901989604206746,0.7616845834725423,0.7616845834725423,0.9443622026096379,0.9053929689014094,0.8662876806407666,0.8662876806407666
NP0332374,test,0.7162177374363872,0.9088260397492145,0.6543653935638523,0.6543653935638523,0.7183158078635701,0.9105566289761264,0.6544939519378585,0.6544939519378585,0.9949062285295405,0.983300336058462,0.9627940538971973,0.9627940538971973
NP0332376,test,0.7975634338782978,0.8421421909747225,0.6528767897982606,0.6937242363413141,0.8009581862887554,0.8755205424666226,0.7034298309545488,0.7322465188076628,0.9940593215859947,0.950490292922586,0.8836154642109915,0.8913211877571595
NP0332460,val,0.851687993339423,0.8975821540751678,0.7390031936012116,0.7440884624077755,0.8523850386938585,0.9012537022102579,0.7477784660525177,0.7482654486034737,0.9738972684853409,0.9798265445518781,0.9248129719518022,0.9259238040387257
NP0332461,val,0.8296934708747908,0.887401953368164,0.7303729978781317,0.7324295734084469,0.8243242583837956,0.8762735790402785,0.7188751870509444,0.7208051925382428,0.9707235290043167,0.9764483045755528,0.9532300627772528,0.9532300627772528
NP0332472,test,0.7236023872107513,0.789975439016469,0.5436227323061253,0.5566838399321546,0.7647911835635375,0.872206038503115,0.6441830556671864,0.6454610162251295,0.8887429299612973,0.8391441358799268,0.807151833374294,0.8192137410993678
NP0332473,test,0.8151763845044451,0.8184598578789763,0.6365395268303713,0.6459632798062597,0.8791929712426199,0.9018709898192101,0.7482083042241783,0.7514252551746214,0.8894841417085809,0.8527498900297544,0.7908407075998992,0.8076359960925061
NP0332499,val,0.8456163625506161,0.8088215003694325,0.754294830296867,0.754294830296867,0.8935902372146853,0.8008690781241625,0.7924162393271184,0.7924162393271184,0.8283571453880876,0.9597472768294392,0.9313664787069507,0.9313664787069507
NP0332501,test,0.7599014043369088,0.793019772270524,0.6951468433631849,0.6951468433631849,0.788177639138387,0.909525781142369,0.6976850785645661,0.6976850785645661,0.8146174559987452,0.8396300744006855,0.8631189621100515,0.8631189621100515
NP0332504,val,0.7065770102783967,0.7205715335683138,0.5819283681402359,0.6528548495921935,0.7587869645592664,0.8812858983919387,0.7161768910177568,0.7161768910177568,0.91987102390621,0.7923898945151593,0.7607397194606248,0.8365593900877611
NP0332525,val,0.851045074290147,0.6281814434136974,0.6182534028400595,0.6182534028400595,0.8885482613879174,0.5662309831331108,0.10219493449289052,0.10219493449289052,0.9499103330421476,0.5203321077598224,0.14939723311157738,0.14939723311157738
NP0332526,test,0.8089544844652677,0.6412961310465563,0.6453528350744624,0.6453528350744624,0.8783748558203458,0.5733131795360651,0.1043089985912101,0.1043089985912101,0.8851355472535803,0.6488381989243249,0.1517864577148798,0.1517864577148798
NP0332527,val,0.8593610003000924,0.6377898242086505,0.6470276850754989,0.6470276850754989,0.8912834734231668,0.565908982015354,0.10653421124667935,0.10653421124667935,0.9647349992436904,0.6038229021324538,0.15443551940013153,0.15443551940013153
NP0332532,test,0.7253544200935349,0.8334317546334119,0.6418917143246429,0.6418917143246429,0.7770175788171045,0.8614899473465832,0.7225893861307771,0.7225893861307771,0.932112963585936,0.8962478279985213,0.8578426769080885,0.8578426769080885
NP0332538,test,0.7919164902859459,0.8048916274499924,0.7511782292725078,0.7511782292725078,0.7938055034074265,0.8030820507928942,0.7538038734059087,0.7538038734059087,0.9958368561585911,0.9952555275205408,0.9401189775186956,0.9401189775186956
NP0332539,val,0.719339913432442,0.7976253819660626,0.6370464388714867,0.7493603262662687,0.7393055141052627,0.7970081975029407,0.7248832545002615,0.7248832545002615,0.9532376459414191,0.995382944882939,0.7722249007156804,0.9154441003858762
NP0332540,val,0.8424518668859147,0.7954114849935303,0.7521242756887787,0.7521242756887787,0.8431273489299879,0.8703249128434839,0.7643026345962067,0.7643026345962067,0.995872757668828,0.864545143271924,0.9160601675907796,0.9160601675907796
NP0332543,test,0.8641203945447673,0.8914514911111919,0.8008423469387197,0.8008423469387197,0.8635406770286318,0.8983993646181853,0.8241243002098487,0.8241243002098487,0.9968096450773039,0.9894129320420747,0.9619305564894256,0.9619305564894256
NP0332568,test,0.7936893372650968,0.8245430198148174,0.71152823771923,0.71152823771923,0.8581607514499207,0.8855563490837308,0.7902283764856305,0.7902283764856305,0.9265060448582817,0.9032314473952953,0.8779105625395968,0.8779105625395968
NP0332590,val,0.7061734894845267,0.7596721365542382,0.6135346049402844,0.6418467744083479,0.7453916973462594,0.8078934469095702,0.6880386128390039,0.6880386128390039,0.9514097062023369,0.9288418283893277,0.8259554637275575,0.8820182393594077
NP0332608,val,0.8439645446055082,0.8133246798495328,0.6998468545400363,0.7164754210460758,0.8551740229021735,0.8542525581345324,0.7084940628707318,0.722900565763987,0.9030237340685363,0.8622509226304063,0.8937722053902085,0.8941135359413728
NP0332609,test,0.861886833239695,0.8189025576954742,0.707361857755442,0.7139363357015883,0.8586714478303981,0.8611758389196875,0.709539399535396,0.7146555580235128,0.9366882499358464,0.8861927317309157,0.9311937629312071,0.9319968210462474
NP0332683,val,0.7715620881271985,0.8505354347030148,0.6545446824357601,0.6589254511198522,0.7841436867496048,0.888241255788886,0.6934385740607634,0.698076315258208,0.9474808662975689,0.9244096296367584,0.9146640471138164,0.9146640471138164
NP0332685,val,0.755332057488493,0.8702659559457231,0.7188471754113217,0.7188471754113217,0.8102334646692897,0.8980486526564904,0.7447144605440509,0.7447144605440509,0.8524415728749556,0.9524881932872271,0.9108835806517303,0.9108835806517303
NP0332686,val,0.6468958300306685,0.7943321527674115,0.631651497283692,0.631651497283692,0.7727148560425701,0.822489978812183,0.6737748335535196,0.6737748335535196,0.8075368375722862,0.9124330715681184,0.8953926889479892,0.8953926889479892
NP0332687,test,0.664000559755324,0.834671573739112,0.49608789096819417,0.5890720831795714,0.6897958087513703,0.8344580879316678,0.5405822853940871,0.583334329002007,0.8523510179332194,0.9853296224617006,0.9021445372839278,0.9662604933625508
NP0332688,test,0.8041844909705758,0.7803654457367462,0.6191693876576227,0.6446159011844725,0.8025048389543377,0.820259178436016,0.6664273015864044,0.67763971703322,0.973271659909672,0.9398376906000986,0.8977018392452281,0.9073750253613863
NP0332689,test,0.6400280888011257,0.8908626814710712,0.6890088729548736,0.6992420474911218,0.7893683118870087,0.8925163620614549,0.6876110470760777,0.6991105328334466,0.7478331960576994,0.9898107562732046,0.9641863757007364,0.9641863757007364
NP0332690,val,0.6880819882338239,0.8823399183756575,0.6714930549014071,0.7208400909082342,0.783996587701046,0.8778028475112298,0.7129909168975894,0.7129909168975894,0.8486549654402303,0.9855247883560623,0.8903724899237943,0.9686671142586374
NP0332691,val,0.7208421227026972,0.7395378736986687,0.5702436011350223,0.5702436011350223,0.7918719050816094,0.822836819095795,0.6898465984355532,0.6898465984355532,0.8851056650757059,0.8397562613896988,0.7762741591537359,0.7762741591537359
NP0332692,test,0.7369412492201691,0.8831124367945605,0.7401685031092341,0.7401685031092341,0.7357610057194703,0.8517831276703575,0.7100003811315251,0.7100003811315251,0.9953240664522645,0.9082776780032616,0.9142409140941952,0.9142409140941952
NP0332693,test,0.8514626829660086,0.9104761898857489,0.8006180280328512,0.8006180280328512,0.8514034997180702,0.9244642971309094,0.7888488447198483,0.7888488447198483,0.9945820115746065,0.9178551294461623,0.8462856189703156,0.8462856189703156
NP0332694,val,0.6831180581030114,0.881637768066083,0.605592981567362,0.6127929483600292,0.7217040212159214,0.8792894182493934,0.6040287815320766,0.6101548189970258,0.9291085822216536,0.9842242710455633,0.9684285002553212,0.9684285002553212
NP0332696,test,0.6354626594919187,0.8398330031686694,0.5798464029625623,0.5908756181298633,0.7205861261087422,0.8614093330306788,0.6115724981834381,0.6150093286985177,0.8533451995844933,0.9443840450441048,0.9143621128295374,0.917567266860443
NP0332697,val,0.7656523511284014,0.7963771795773892,0.723700679491637,0.723700679491637,0.8003200366855567,0.7893032406398126,0.7117860243827667,0.7117860243827667,0.9028409687742964,0.9796724019812013,0.9632580753896534,0.9632580753896534
NP0332698,val,0.5314816975207861,0.8315343902500435,0.5071250032684751,0.5249325753805376,0.6665212125359115,0.8469380087578353,0.5375887164346759,0.5600325457046527,0.7165137005161946,0.945367333538834,0.9292610187519794,0.9292610187519794
NP0332699,test,0.7428438492659241,0.7750521662980832,0.6924900134658709,0.7096490901736008,0.7454041340772624,0.8210890882230124,0.6346968629332181,0.6561544131359496,0.9737375368623306,0.8900050801974739,0.845293541982449,0.845293541982449
NP0332793,test,0.6775624245699604,0.8513558031962634,0.45981618981731154,0.6974489414417387,0.827348624150327,0.8418745003686247,0.7255145818881048,0.7255145818881048,0.791739260463459,0.9643947125616465,0.5960259301138142,0.9346412617799386
NP0332795,test,0.8112435250137107,0.7695819255345634,0.7172714734489525,0.7172714734489525,0.811484172616294,0.7899875446125261,0.7451136208469856,0.7451136208469856,0.9959610214322081,0.9569128590824821,0.9318833336954688,0.9318833336954688
NP0332796,test,0.8102557259872993,0.7511901789644401,0.3999975095067632,0.6351854643662337,0.8098399009808888,0.7970712909234251,0.6466659145043889,0.663334506619375,0.99532291350854,0.9264879153345573,0.5788836061436515,0.9157453193638608
NP0332808,val,0.8176422025346535,0.7238735515238748,0.6557448599758338,0.6688784858752496,0.8533525862844678,0.7809883836626401,0.704718348056413,0.7162673472599757,0.9336129550129524,0.8757437568747887,0.7639939736088853,0.761267245417807
NP0332809,test,0.8062051976027313,0.8792100350219018,0.6336701244887153,0.663366869145504,0.8085072448868584,0.855461981939842,0.6492783455042883,0.6689644274339678,0.9745212755114593,0.9176554467458141,0.9367011559674864,0.9367011559674864
NP0332810,test,0.7845619565218962,0.8813777886594933,0.6105237689364006,0.6262962034373734,0.8095285319943367,0.8686481643372599,0.6432065765561576,0.6502471803442271,0.9215299890613614,0.9265925725343349,0.9005471488379799,0.9005471488379799
NP0332873,test,0.7055004046450728,0.8082831437071196,0.5803156594453944,0.5995594160278326,0.8374106755411724,0.8405291036130794,0.695780749117689,0.6984236358045454,0.7080685046529724,0.8139104640657122,0.60618330798376,0.6210572502971801
NP0332875,test,0.6923536454193786,0.8297685442174121,0.6798768623648136,0.6798768623648136,0.7775533667023062,0.8501829799197628,0.720795396777455,0.720795396777455,0.7900417658206349,0.9554717713606204,0.8570147640745921,0.8570147640745921
NP0332878,test,0.7910009700182615,0.7659099374507261,0.7149060876538873,0.7543240028794447,0.8570125673205173,0.7687695538447834,0.7175451190114897,0.7175451190114897,0.9065186509763643,0.9953269024328257,0.8784988178410847,0.9327908251254521
NP0332903,val,0.7214342291517319,0.7683466620623215,0.7431644439555101,0.7444882247163186,0.7765108141336494,0.8118115019003943,0.7095572729158816,0.7095572729158816,0.7805008383570808,0.8614891009455838,0.7692066418590758,0.7692066418590758
NP0332904,val,0.6638109894254984,0.7438236114889457,0.5909905938908366,0.5909905938908366,0.7823713367993685,0.8023104038812668,0.6033864890198565,0.640508526210872,0.8162109253384751,0.7696735656946105,0.6812850248148532,0.6958141258484566
NP0332905,val,0.7489757351047586,0.8378603282627585,0.5878590057090722,0.6173342922307397,0.7255781987396278,0.5787998239418407,0.23627363290929168,0.2540689243591063,0.8548710808418846,0.6187842708628477,0.26951926989574915,0.2983793268172195
NP0332906,test,0.8343725839474411,0.8117458097968946,0.7335693684230213,0.7335693684230213,0.7597498102798323,0.5937598869478045,0.26491648031121756,0.36125270102287615,0.8873317368175799,0.6171169742262281,0.24384607222208987,0.33308871036988935
NP0333010,test,0.8320432645663909,0.6216067997916538,0.6424926130854028,0.6567466370318485,0.8330771098195529,0.6573217464507278,0.702427320143758,0.7037996258462529,0.9954830138182935,0.8856665936603989,0.8076182314521804,0.8371956345035848
NP0333012,val,0.7533883053115982,0.6415807580898746,0.6317973531530539,0.6698189806063017,0.7950718278132818,0.6966451509098682,0.7568729432378077,0.7604387181537734,0.960473018508699,0.8763422074665183,0.7762848636203954,0.80678535546683
NP0333013,val,0.7150670630026497,0.6899003956271962,0.6733817431925648,0.7181201841588238,0.8764049361642448,0.7160766508710119,0.7446467392096465,0.7446467392096465,0.7957425438746457,0.8802274136166051,0.7412047179413854,0.7978539531813404
NP0333042,test,0.8018501120499023,0.8170749315737397,0.6626134882660267,0.6626134882660267,0.8223452908767064,0.8430582509976431,0.7032483778978387,0.7032483778978387,0.9704530428494309,0.9508401267354197,0.9334760991238421,0.9334760991238421
NP0333096,test,0.8000383050408572,0.8523856441483442,0.6650811973822509,0.6650811973822509,0.8301201174443071,0.922823032748036,0.7579716302600018,0.7579716302600018,0.930341983419644,0.8904098175288421,0.8715130575055223,0.8715130575055223
NP0333100,val,0.7641823011952646,0.7718608355064356,0.6423389814040074,0.6589262268324518,0.8276445315195494,0.8631270968219772,0.7182063393502409,0.7297522191994028,0.9212508142632999,0.8043762599233109,0.8793314448704701,0.8831867425104093
NP0333101,test,0.7828344367908475,0.7585098323192383,0.6340373797888803,0.6571906762758927,0.8053660085081387,0.840517890872202,0.6785261191866794,0.7014907924531723,0.945617576791715,0.8080055783627166,0.8947307380375811,0.9277721837856557
NP0333111,val,0.800014113200084,0.8309085210263957,0.6374110013164515,0.6521734361608135,0.8274520814818932,0.8447991373903262,0.6710069010926676,0.6710069010926676,0.9507834425698154,0.933423828443019,0.846357748120983,0.8760937082234628
NP0333133,test,0.8098302789445005,0.9041179782538806,0.722796916887144,0.7319789748964702,0.8634587415237991,0.902466640085616,0.7207511424457336,0.7340618714832177,0.9413400263526149,0.9925313884061215,0.9828418765881186,0.9828418765881186
NP0333135,val,0.8085715323265907,0.8580188466825971,0.6886134919026365,0.6886134919026365,0.8092683284693434,0.8848450151547065,0.7211507713227767,0.7211507713227767,0.9798718652161527,0.9365635739255256,0.9268402461083518,0.9268402461083518
NP0333136,val,0.6590161023062949,0.9303310556040072,0.6639366596128833,0.6639366596128833,0.7819328198906883,0.9240239181616301,0.6696850756456401,0.6696850756456401,0.8103662209307425,0.9890223085055141,0.9147794353231002,0.9147794353231002
NP0333146,test,0.8697333876224734,0.8047483074280979,0.6201588843861768,0.6494650849095988,0.868518547281566,0.9114523275175365,0.7734677974226651,0.7933223029581546,0.9765885770699123,0.863154341354497,0.7678977829304964,0.7785402468201738
NP0333147,test,0.7640037450112235,0.8492059572285607,0.6398012588291209,0.6638506610633124,0.807822568427258,0.8872411338219266,0.7286408116862986,0.7286408116862986,0.9428244157037087,0.9258384843782045,0.8556267670258697,0.9156581308534497
NP0333148,test,0.7307453032034164,0.8204020816388108,0.6274037460222698,0.6274037460222698,0.7329477830495945,0.8350639912131592,0.6300425105204588,0.6300425105204588,0.9955350533120089,0.9433780455332015,0.9793583107288122,0.9793583107288122
NP0333149,test,0.7768852108046975,0.7829194631010538,0.6661126767859229,0.6661126767859229,0.8109242382878348,0.792841231900126,0.6915896535998459,0.6915896535998459,0.9315105490705179,0.9643188876460489,0.9311417261326396,0.9311417261326396
NP0333150,test,0.7933165780764848,0.8200489292616072,0.7214206971521431,0.7214206971521431,0.822969342508332,0.8214707282442235,0.7205117446862008,0.7205117446862008,0.9638433914263289,0.9936371861032522,0.977377704887332,0.977377704887332
NP0333151,val,0.7230016182977802,0.8448246528497154,0.5246742223751805,0.5261022100466646,0.7237877197461056,0.873542210392215,0.5657564420944903,0.5677680813473831,0.9960526162109405,0.9366663997095247,0.9107017446846896,0.9202570506503365
NP0333152,test,0.6646798777846639,0.7651175954214913,0.5080676465643538,0.5275383916617009,0.7351637435548815,0.8364915144459879,0.5484225041570006,0.5487773618537698,0.9131046080625025,0.8511865381720292,0.8903362055611537,0.9466870733337343
NP0333162,test,0.808864742388624,0.7962591075673393,0.7935385548045416,0.7935385548045416,0.8692100022360888,0.8231816610308609,0.8261595963538964,0.8261595963538964,0.9190019711878568,0.9309416114977225,0.8855132498369471,0.8855132498369471
NP0333163,test,0.7972138153993472,0.7806822869418784,0.45667614583840743,0.6613732277049532,0.8313341550084389,0.8392644661484115,0.7465027857785944,0.7465027857785944,0.9435139441071277,0.8821592853804235,0.5370789858612321,0.8416084522193957
NP0333164,test,0.8010435301992526,0.7103272386933833,0.6116752514919948,0.6116752514919948,0.7600739784689416,0.7267154234559713,0.6552771135049584,0.6552771135049584,0.9071565369157466,0.838161092413505,0.6773812764347829,0.6773812764347829
NP0333173,val,0.8333647786540619,0.8932591037090385,0.6898645472959013,0.6898645472959013,0.8549933253217553,0.928093793708915,0.7335283889161277,0.7335283889161277,0.9744928729850391,0.9442921291526445,0.9099640846070576,0.9116439435766903
NP0333174,val,0.844846857565106,0.8877055054827516,0.678378999176065,0.678378999176065,0.8453599362092763,0.9384571297897193,0.7280322834855134,0.7280322834855134,0.9954823094047758,0.9298936952873298,0.8906442524740754,0.8906442524740754
NP0333175,test,0.7856916454998816,0.8939042477253405,0.6839887276323803,0.6877415058455714,0.8434760103862049,0.9352336790093971,0.7311534668219632,0.7311534668219632,0.9198687646369114,0.9406253177815054,0.902012805224745,0.9044101473450514
NP0333176,test,0.8496927798406979,0.9431535167670564,0.7313536775904304,0.7364360453745447,0.8514049671689798,0.9514205005575902,0.7417092468620405,0.7420583198036594,0.99571690010607,0.9773347707810303,0.9328930312126884,0.9328930312126884
NP0333185,val,0.8656806338352918,0.8676602854052561,0.7505814100081901,0.7505814100081901,0.8826778193293666,0.8796529332451763,0.7687984384695465,0.7687984384695465,0.9555227157695863,0.9651888045973084,0.9516197487507962,0.9516197487507962
NP0333203,val,0.7489212411233115,0.7555483652023524,0.5930116879035133,0.6416638003259219,0.750223385361817,0.7965522679373706,0.6380381660955488,0.6380381660955488,0.9942298799179627,0.9121769963209546,0.8839185162921216,0.9569760041559314
NP0333204,test,0.8352078265031835,0.6970884351009196,0.6344337622784864,0.6344337622784864,0.8370907204937155,0.7228760227575642,0.6965102142564938,0.6965102142564938,0.9940255922379402,0.8681348044704721,0.798798573882125,0.798798573882125
NP0333242,val,0.6899422867314455,0.7790725153223245,0.6382152846144902,0.6881293714808516,0.8706556023834253,0.8440929593200055,0.7641744066439649,0.7641744066439649,0.7891403045089909,0.9005129812447372,0.7963587725842238,0.8597030038942309
NP0333455,val,0.5027981487705716,0.8127016001096181,0.717660602601063,0.717660602601063,0.8094918527963162,0.8485851957541863,0.751788811860542,0.751788811860542,0.6065551577234919,0.943250124607346,0.9159337983113133,0.9159337983113133
NP0333456,val,0.7748181842345059,0.850660254526638,0.8140804763123827,0.8140804763123827,0.8299343173692368,0.8440007714400249,0.8076310343737567,0.8076310343737567,0.9404161398021279,0.9792715782667899,0.9561281202592166,0.9561281202592166
NP0333518,val,0.7785603254393669,0.6782254483225487,0.6528140154050387,0.6554381083120309,0.8472220427439263,0.7676381455955614,0.6616556733668365,0.6631452286022534,0.8980125348066691,0.7990498787737357,0.9361396730113398,0.9543355041521406
NP0333520,val,0.826655620350229,0.6872146528546288,0.679226594063014,0.679226594063014,0.8416244453391603,0.7773605893647348,0.6771721349374159,0.6771721349374159,0.9667593134182527,0.8201185023325024,0.9758313176987955,0.9758313176987955
NP0333522,val,0.8004374249411619,0.6161436319818665,0.5809823167653085,0.6197587307403695,0.8161516210088159,0.7440353312488948,0.6069632769518211,0.6394216498018747,0.9519460523811725,0.7077583452660152,0.9186494468195425,0.921473375075106
NP0333524,test,0.7952052154256068,0.6159855232226634,0.5698522274508477,0.610313790808114,0.8124384217790781,0.7346783165701632,0.6080187926162492,0.6408941613837649,0.947670599054963,0.6792493545200344,0.9064654485393174,0.9074777335357008
NP0333525,val,0.7992888189235539,0.6096870789716,0.5685925911249605,0.6043895559267566,0.8136124269246875,0.7365758458256986,0.6138922277081645,0.6468442568221976,0.9559857258244805,0.6817556964927267,0.8999790847202284,0.9013034572693087
NP0333526,val,0.8015161554934249,0.6290702576807945,0.5610284591112543,0.6255379750902728,0.8169921276200508,0.7372762201495864,0.5988968928228993,0.6398596430799842,0.9571315747365312,0.6797155646175493,0.8839751576913257,0.9017633230040524
NP0333528,test,0.807371113240469,0.6290156474844952,0.5698549600203078,0.6250516531884955,0.8202440621896507,0.7442846390935335,0.6099623072312839,0.6494633936414149,0.957934048375702,0.6927530770614352,0.9157061278528521,0.9169941681004605
NP0333562,val,0.8439895347507472,0.8269318987720182,0.7628752566430653,0.7628752566430653,0.8822903233527783,0.8293214931790182,0.7688056888965797,0.7723213970445044,0.9514724690578853,0.9729105206966263,0.9239779405290672,0.9239779405290672
NP0333563,test,0.7572934861695881,0.8137827561275428,0.7313002844738301,0.7313002844738301,0.8522431407628357,0.8216221126041953,0.7508604159442456,0.7508604159442456,0.8425086279345722,0.9773872013442897,0.925360370614249,0.925360370614249
NP0333565,val,0.6288095059510652,0.5849763607905482,0.4176025081360509,0.4176025081360509,0.6399798528690239,0.5856788249801239,0.4347854829993489,0.4347854829993489,0.9256872943686945,0.9965884904030703,0.9320230749222023,0.9320230749222023
NP0333622,test,0.8732530255514682,0.727808720105517,0.7127310759086578,0.7127310759086578,0.8724112516321106,0.8156262654378835,0.7377414534086985,0.7377414534086985,0.9965813749655695,0.7453219690346247,0.9385064727450333,0.9385064727450333
NP0333702,test,0.8480503099305179,0.8364942811850439,0.5999941929646427,0.6480141285658246,0.8464260971370727,0.9006162949040664,0.695516252122007,0.7116256068079388,0.9867436399364569,0.907546305086497,0.8348147061957462,0.8653753546324484
NP0333727,val,0.8077045179704037,0.8265700719083421,0.7145106926643827,0.7145106926643827,0.8050666583272381,0.821175815202866,0.7086517889281827,0.7086517889281827,0.9757646453367568,0.9878083368765436,0.9795160498865905,0.9795160498865905
NP0333728,test,0.736433275879949,0.809330486882621,0.6044626181657793,0.6250269390341681,0.7729893680229012,0.8651046135576557,0.6706762756547844,0.6744050525273568,0.9698322897329901,0.9254731952251145,0.9014741721852986,0.9150799624236896
NP0333729,val,0.7665105482225594,0.8548354643700109,0.6267093509884764,0.657583013634237,0.7911851411095212,0.8769942427043889,0.6768539656808186,0.6803460092458722,0.9326013081747301,0.966436859726261,0.9343195542210226,0.9343195542210226
NP0333732,val,0.7917713072270729,0.808664458528913,0.5579174035924002,0.5930173951989934,0.7847732773979744,0.8003326273752662,0.558031508969103,0.5929766598729111,0.9683307019845873,0.9769426151523262,0.8291007848528367,0.9198219066450303
NP0333770,test,0.9068900360806912,0.7665963398285471,0.7578052614066105,0.7578052614066105,0.7861544198042413,0.7387914305339504,0.7422561992036444,0.7422561992036444,0.8201638793599808,0.8817411913790061,0.9332299982882142,0.9332299982882142
NP0333772,val,0.7334055681575228,0.939878454737288,0.6945122463040854,0.7297499400679628,0.8384849858738934,0.914290886401744,0.7116239493354662,0.7226346617995332,0.7973862135034967,0.9254690647913207,0.8391039446422321,0.8454227690469603
