npid,split,n_ann,n_jrn,n_sim,ann_vs_sim_sim,ann_vs_sim_avgpk,ann_vs_sim_pen,jrn_vs_sim_sim,jrn_vs_sim_avgpk,jrn_vs_sim_pen,ann_vs_jrn_sim,ann_vs_jrn_avgpk,ann_vs_jrn_pen
NP0331267,test,30,33,33,0.7885911142824873,0.7742004313688882,0.8461538459368836,0.849118542576748,0.8113981782966926,0.9999999996969696,0.9154579649587884,0.9327839947142645,0.8461538459368836
NP0331268,test,28,28,28,0.8151352937679323,0.768919117299201,0.9999999996428571,0.818335445907914,0.7729193074741781,0.9999999996428571,0.974894742630875,0.9686184283778795,0.9999999996428571
NP0331269,test,27,27,27,0.7831857784908922,0.7289822232062078,0.9999999996296296,0.787807352047553,0.7347591901520337,0.9999999996296296,0.9753315583218363,0.9691644479948879,0.9999999996296296
NP0331270,val,31,31,31,0.8107232537057812,0.7634040672128716,0.9999999996774194,0.8063772947726909,0.7579716185465087,0.9999999996774194,0.974831964919764,0.96853995623035,0.9999999996774194
NP0331271,val,27,27,27,0.8192369162088533,0.7740461453536591,0.9999999996296296,0.814219720424364,0.7677746506230475,0.9999999996296296,0.9737401130391865,0.9671751413915758,0.9999999996296296
NP0331272,val,31,31,31,0.8218431831882685,0.7773039790659807,0.9999999996774194,0.8284537769536698,0.7855672212727324,0.9999999996774194,0.9748179128107566,0.9685223910940908,0.9999999996774194
NP0331273,test,32,33,33,0.8093029486327323,0.7759144001439766,0.9428571425877551,0.820743670082182,0.775929587678485,0.9999999996969696,0.9528101079495607,0.955298349290012,0.9428571425877551
NP0331323,test,24,28,30,0.6757624549316354,0.6702844640539438,0.6976744184424013,0.7735202524971104,0.7463120803921492,0.882352940916955,0.6990304532983368,0.689577540355608,0.7368421050692521
NP0331324,test,17,25,26,0.5938447542351719,0.5945786701002665,0.5909090907747934,0.7843413244592624,0.748283798514129,0.9285714282397959,0.7022673666096665,0.7253951839090195,0.6097560974122546
NP0331325,val,21,27,28,0.5988048464836795,0.5818393914776151,0.6666666665079365,0.785788746143112,0.7489025994233345,0.9333333330222222,0.6522243869732482,0.642203560684016,0.6923076921301775
NP0331326,val,21,27,28,0.6679545451575879,0.6682765148200006,0.6666666665079365,0.7914444740746301,0.7559722593377322,0.9333333330222222,0.7964302605623138,0.8224609026703479,0.6923076921301775
NP0331327,val,25,26,26,0.7380076194581676,0.6903666672627604,0.9285714282397959,0.766735069664781,0.7084188371771301,0.9999999996153845,0.9477280553834527,0.9525172121693668,0.9285714282397959
NP0331338,val,26,15,15,0.6672712846539363,0.6986724391789655,0.5416666665538195,0.7828301698639211,0.7285377124965681,0.9999999993333333,0.8352478126648629,0.9086430991926238,0.5416666665538195
NP0331343,val,30,29,31,0.7962569379485411,0.7673799960321296,0.9117647056141869,0.8084707240267497,0.789159833668131,0.8857142854612244,0.9778512585517214,0.9879390732628939,0.9374999997070312
NP0331345,test,29,29,31,0.7239927436366882,0.6835623581805541,0.8857142854612244,0.7233009777007519,0.6826976507606337,0.8857142854612244,0.9962613266897324,0.9953266584483724,0.9999999996551724
NP0331364,val,34,31,31,0.7969836023391766,0.7837295029770958,0.8499999997875,0.8247138347181062,0.7808922934782778,0.9999999996774194,0.9414290127705306,0.9642862660162881,0.8499999997875
NP0331367,val,67,67,67,0.9142262312608938,0.8964592597005764,0.9852941175021627,0.930501940733374,0.9131274259540308,0.9999999998507464,0.9645018818861227,0.9593038229821127,0.9852941175021627
NP0331371,test,42,47,47,0.8979190178547914,0.9162584214774613,0.824561403364112,0.9480457587534415,0.9350571984949934,0.999999999787234,0.9435907920333667,0.9733481392006804,0.824561403364112
NP0331376,test,13,15,15,0.6633208855772618,0.6317826860228237,0.7894736837950138,0.7734533002628008,0.7168166254951677,0.9999999993333333,0.8725419374880501,0.893309000911309,0.7894736837950138
NP0331377,val,10,15,14,0.5331695079484257,0.507370975916937,0.6363636360743802,0.6784682565982225,0.6274970855834183,0.8823529406574394,0.6724897705844783,0.690612213290598,0.59999999976
NP0331378,test,12,15,15,0.6824382043442588,0.674476326943929,0.7142857139455782,0.7913033682142099,0.739129210434429,0.9999999993333333,0.8276199942548256,0.8559535643321373,0.7142857139455782
NP0331381,val,21,17,21,0.8066455692017103,0.7800460920361643,0.9130434778638941,0.7475118276587732,0.7533553018772714,0.72413793078478,0.8045254153995699,0.8246222865532673,0.72413793078478
NP0331384,val,5,9,9,0.5208450727253311,0.5187033998080479,0.5294117643944637,0.8726746097325919,0.8408432624435176,0.9999999988888888,0.4722543558328077,0.4579650036923937,0.5294117643944637
NP0331385,test,7,9,9,0.6561194770698305,0.6470724233935011,0.6923076917751478,0.8755609610559174,0.8444512015976744,0.9999999988888888,0.6292882329613692,0.6135333682579245,0.6923076917751478
NP0331390,val,48,48,48,0.7539556937367379,0.7024446172189224,0.959999999808,0.7671011851531468,0.7139785223077393,0.9795918365347771,0.9611582064029014,0.9565497988699324,0.9795918365347771
NP0332281,test,19,19,19,0.8410639141236383,0.8013298927861269,0.9999999994736841,0.8386043673899062,0.7982554593689616,0.9999999994736841,0.9915548184387012,0.9894435231799554,0.9999999994736841
NP0332299,test,26,28,28,0.7802585176807737,0.7694407942203442,0.8235294115224914,0.8736382294873299,0.8420477869484481,0.9999999996428571,0.8902205458747574,0.9068933294628237,0.8235294115224914
NP0332300,val,24,24,24,0.7393421658408338,0.6841777073970422,0.959999999616,0.7736655573540221,0.7170819467966943,0.9999999995833333,0.9547501551571911,0.9534376940424888,0.959999999616
NP0332301,val,36,39,39,0.7727270571731815,0.7492421548479583,0.8666666664740741,0.7904458948337731,0.7443073686031539,0.97499999975625,0.9305393509105844,0.9465075220197119,0.8666666664740741
NP0332302,test,25,29,29,0.8280202796671547,0.8390794036909558,0.7837837835719503,0.8871366919838488,0.858920865066018,0.9999999996551724,0.9297053148456738,0.9661856976641046,0.7837837835719503
NP0332303,val,43,44,42,0.7401565987495502,0.696472344230283,0.9148936168266184,0.73027961872626,0.692849523451825,0.879999999824,0.9794149037875415,0.985138195003803,0.9565217389224953
NP0332304,test,28,29,29,0.7316145118793044,0.6806471721826373,0.9354838706659729,0.765055224960884,0.7063190312873119,0.9999999996551724,0.9578603179436131,0.9634544297630231,0.9354838706659729
NP0332305,val,29,29,29,0.8249889914182518,0.7895695726867035,0.9666666663444444,0.8713798201570172,0.8392247752824784,0.9999999996551724,0.9329156678146767,0.9244779181822347,0.9666666663444444
NP0332306,val,20,20,20,0.6701890275258863,0.5996410464254983,0.9523809519274377,0.6766145657480795,0.60767296920324,0.9523809519274377,0.967184066635786,0.9589800834197325,0.9999999995
NP0332307,val,18,24,24,0.5532159874235146,0.5248533176590229,0.6666666664814814,0.6906259187302932,0.6132823985170333,0.9999999995833333,0.6278164350995326,0.6181038772540454,0.6666666664814814
NP0332308,test,24,25,25,0.714234686943774,0.6613118772839699,0.9259259255829904,0.7159204126595125,0.6449005159243905,0.9999999996,0.8911241886317074,0.8824237543938865,0.9259259255829904
NP0332310,val,17,19,19,0.6086302814392391,0.5542661127584061,0.8260869561625709,0.6634550833300785,0.5918188542813482,0.9499999995249999,0.8585124379710778,0.8666188084232044,0.8260869561625709
NP0332315,test,16,24,24,0.5828364782329777,0.5785455978287221,0.59999999985,0.8084204998963107,0.7605256249745551,0.9999999995833333,0.7072251383401345,0.734031422962668,0.59999999985
NP0332316,val,14,23,23,0.6514649108594289,0.6740872361694675,0.5609756096192743,0.8275037814703857,0.7843797269466777,0.9999999995652173,0.762433779211203,0.8127983216091852,0.5609756096192743
NP0332317,test,20,25,25,0.708560174604965,0.7071287897357981,0.7142857140816327,0.8640311629917024,0.8300389538396279,0.9999999996,0.8055179290438581,0.8283259827844144,0.7142857140816327
NP0332318,test,21,22,22,0.7745256426526428,0.7389903867446229,0.9166666662847222,0.7962153210898771,0.7452691514759827,0.9999999995454545,0.9661661987211785,0.9785410818302925,0.9166666662847222
NP0332320,test,23,24,24,0.7542823947740991,0.7120837627871506,0.9230769227218935,0.775510399171605,0.7193879990686729,0.9999999995833333,0.969993796420332,0.9817230148449415,0.9230769227218935
NP0332321,val,16,22,22,0.6301127734004878,0.6258762609158346,0.6470588233391004,0.7826620272001308,0.7283275341137998,0.9999999995454545,0.7361750811447669,0.7584541455961834,0.6470588233391004
NP0332322,val,18,23,23,0.6527883774467553,0.6468678247993611,0.6764705880363322,0.8443355854944481,0.8054194819767556,0.9999999995652173,0.7909257250493209,0.8195395093025679,0.6764705880363322
NP0332323,test,14,24,24,0.5097452625789607,0.5008179418910562,0.5454545453305785,0.7800803792530744,0.7251004741705095,0.9999999995833333,0.6487738520303988,0.6746036787053539,0.5454545453305785
NP0332325,test,19,23,23,0.7977103014212019,0.8116540058685939,0.7419354836316336,0.8837382069306026,0.8546727587719488,0.9999999995652173,0.9007099316312813,0.9404035436311932,0.7419354836316336
NP0332326,test,13,22,22,0.5849500253382578,0.5936875317071972,0.5499999998625,0.7991167795508579,0.7488959745522088,0.9999999995454545,0.7048075095555402,0.7435093869788002,0.5499999998625
NP0332329,test,15,19,19,0.5964082004654432,0.5695843247210357,0.7037037034430726,0.6678448476693697,0.6086155835039456,0.9047619043310657,0.8593833607587217,0.8983032750876339,0.7037037034430726
NP0332331,val,12,11,11,0.7635604362212898,0.7401648311439591,0.8571428565306122,0.8413689836630153,0.8017112298060417,0.999999999090909,0.8942719909715894,0.9035542745818336,0.8571428565306122
NP0332332,test,8,10,10,0.6691132281382287,0.6578201067289082,0.7142857137755102,0.7342561406903725,0.6678201761129656,0.9999999989999999,0.8206360382918154,0.8472236194208916,0.7142857137755102
NP0332333,val,18,19,19,0.8487060694755622,0.8449734960335022,0.8636363632438017,0.9061509440615289,0.88268868020849,0.9999999994736841,0.8984822062876179,0.907193667048572,0.8636363632438017
NP0332335,test,21,21,21,0.7507458756236207,0.6884323446485735,0.9999999995238095,0.7566804318652749,0.6958505399506412,0.9999999995238095,0.9771799801065105,0.9714749752521857,0.9999999995238095
NP0332336,val,20,19,19,0.7202930679884055,0.6730936078160854,0.9090909086776859,0.7675342596278278,0.7094178246663637,0.9999999994736841,0.9166395965920437,0.9185267685706331,0.9090909086776859
NP0332337,val,17,18,18,0.864853045664476,0.8560663071930948,0.89999999955,0.8930770475168852,0.8663463095349954,0.9999999994444444,0.9443622026096379,0.9554527533745473,0.89999999955
NP0332374,test,15,15,15,0.7162177374363872,0.6452721719621507,0.9999999993333333,0.7183158078635701,0.6478947599961292,0.9999999993333333,0.9949062285295405,0.9936327858285922,0.9999999993333333
NP0332376,test,15,15,15,0.7975634338782978,0.7469542925145389,0.9999999993333333,0.8009581862887554,0.7511977330276108,0.9999999993333333,0.9940593215859947,0.9925741521491601,0.9999999993333333
NP0332460,val,30,30,30,0.851687993339423,0.814609991757612,0.9999999996666666,0.8523850386938585,0.8154812984506563,0.9999999996666666,0.9738972684853409,0.9673715856900095,0.9999999996666666
NP0332461,val,28,28,28,0.8296934708747908,0.7871168386827743,0.9999999996428571,0.8243242583837956,0.7890260127181511,0.9655172410463734,0.9707235290043167,0.9634044113446816,0.9999999996428571
NP0332472,test,51,63,68,0.7236023872107513,0.7378363173631124,0.6666666666013072,0.7647911835635375,0.7380402615336459,0.8717948716831033,0.8887429299612973,0.9298941797138095,0.7241379309512486
NP0332473,test,48,60,60,0.8151763845044451,0.8403990520803862,0.7142857142006803,0.8791929712426199,0.8489912140949414,0.9999999998333333,0.8894841417085809,0.933283748585556,0.7142857142006803
NP0332499,val,25,25,25,0.8456163625506161,0.8070204532882702,0.9999999996,0.8935902372146853,0.8669877966183567,0.9999999996,0.8283571453880876,0.7854464318351094,0.9999999996
NP0332501,test,41,39,39,0.7599014043369088,0.7270506685130547,0.8913043476323251,0.788177639138387,0.7414720489839213,0.97499999975625,0.8146174559987452,0.7954457330903503,0.8913043476323251
NP0332504,val,43,39,39,0.7065770102783967,0.6764904936569825,0.8269230767640532,0.7587869645592664,0.7047337057600204,0.97499999975625,0.91987102390621,0.9390544661986026,0.8431372547366397
NP0332525,val,50,54,54,0.851045074290147,0.8460644074139324,0.8709677417950052,0.8885482613879174,0.860685326781193,0.9999999998148148,0.9499103330421476,0.9696459808539332,0.8709677417950052
NP0332526,test,40,54,52,0.8089544844652677,0.8401404740251441,0.6842105262257618,0.8783748558203458,0.8652099491259078,0.9310344825980975,0.8851355472535803,0.9417852877455892,0.6585365852855444
NP0332527,val,41,44,44,0.8593610003000924,0.8542012504191155,0.879999999824,0.8912834734231668,0.8641043418357767,0.9999999997727272,0.9647349992436904,0.985918749098613,0.879999999824
NP0332532,test,17,16,16,0.7253544200935349,0.6830088147083314,0.894736841634349,0.7770175788171045,0.7212719736776307,0.999999999375,0.932112963585936,0.9414569940738327,0.894736841634349
NP0332538,test,18,18,18,0.7919164902859459,0.7398956129963212,0.9999999994444444,0.7938055034074265,0.742256879398172,0.9999999994444444,0.9958368561585911,0.9947960703371277,0.9999999994444444
NP0332539,val,19,20,20,0.719339913432442,0.671902164621131,0.9090909086776859,0.7393055141052627,0.6741318927565784,0.9999999995,0.9532376459414191,0.9642743302573523,0.9090909086776859
NP0332540,val,17,17,17,0.8424518668859147,0.8030648337544521,0.9999999994117647,0.8431273489299879,0.8039091863095436,0.9999999994117647,0.995872757668828,0.9948409472330937,0.9999999994117647
NP0332543,test,13,13,13,0.8641203945447673,0.8301504933732669,0.9999999992307692,0.8635406770286318,0.8294258464780973,0.9999999992307692,0.9968096450773039,0.9960120565389374,0.9999999992307692
NP0332568,test,12,14,14,0.7936893372650968,0.7976672272449512,0.777777777345679,0.8581607514499207,0.8227009394909721,0.9999999992857143,0.9265060448582817,0.9636881117364323,0.777777777345679
NP0332590,val,22,23,23,0.7061734894845267,0.6615630157868714,0.8846153842751479,0.7453916973462594,0.6921562884493173,0.9583333329340278,0.9514097062023369,0.959262132844921,0.919999999632
NP0332608,val,63,56,58,0.8439645446055082,0.8392022561289062,0.863013698511916,0.8551740229021735,0.8388087985055198,0.9206349204887881,0.9030237340685363,0.9242342130667801,0.8181818180755609
NP0332609,test,59,56,58,0.861886833239695,0.8394553157815384,0.9516129030723205,0.8586714478303981,0.8394683420837832,0.9354838708168575,0.9366882499358464,0.9439372355316423,0.9076923075526628
NP0332683,val,18,19,19,0.7715620881271985,0.7382621340762318,0.9047619043310657,0.7841436867496048,0.7301796085685849,0.9999999994736841,0.9474808662975689,0.9581606067891947,0.9047619043310657
NP0332685,val,15,18,18,0.755332057488493,0.7566650719387411,0.7499999996875,0.8102334646692897,0.7627918309755011,0.9999999994444444,0.8524415728749556,0.8780519661718194,0.7499999996875
NP0332686,val,14,18,18,0.6468958300306685,0.6355428645279806,0.6923076920414201,0.7727148560425701,0.7158935701921014,0.9999999994444444,0.8075368375722862,0.8363441239550027,0.6923076920414201
NP0332687,test,15,17,17,0.664000559755324,0.6276197474095745,0.809523809138322,0.6897958087513703,0.6122447610862717,0.9999999994117647,0.8523510179332194,0.8630578201319437,0.809523809138322
NP0332688,test,15,15,15,0.8041844909705758,0.7552306138798862,0.9999999993333333,0.8025048389543377,0.7531310488595887,0.9999999993333333,0.973271659909672,0.9665895750537566,0.9999999993333333
NP0332689,test,11,16,16,0.6400280888011257,0.6461889572144248,0.615384615147929,0.7893683118870087,0.7367103900150108,0.999999999375,0.7478331960576994,0.7809453412851419,0.615384615147929
NP0332690,val,13,15,15,0.6880819882338239,0.6627340643435264,0.7894736837950138,0.783996587701046,0.7299957347929742,0.9999999993333333,0.8486549654402303,0.8634502858515344,0.7894736837950138
NP0332691,val,12,15,15,0.7208421227026972,0.722481224891977,0.7142857139455782,0.7918719050816094,0.7398398815186783,0.9999999993333333,0.8851056650757059,0.9278106528582377,0.7142857139455782
NP0332692,test,15,15,15,0.7369412492201691,0.6868015616716957,0.9374999994140625,0.7357610057194703,0.6853262572958223,0.9374999994140625,0.9953240664522645,0.9941550832319971,0.9999999993333333
NP0332693,test,15,15,15,0.8514626829660086,0.8143283538741775,0.9999999993333333,0.8514034997180702,0.8142543748142542,0.9999999993333333,0.9945820115746065,0.9932275146349248,0.9999999993333333
NP0332694,val,14,15,15,0.6831180581030114,0.6455642394111717,0.8333333328703704,0.7217040212159214,0.6677550266663861,0.9374999994140625,0.9291085822216536,0.9407974926127072,0.8823529406574394
NP0332696,test,13,15,15,0.6354626594919187,0.6068283244586484,0.749999999625,0.7205861261087422,0.6663576577824121,0.9374999994140625,0.8533451995844933,0.8693130785318631,0.7894736837950138
NP0332697,val,14,15,15,0.7656523511284014,0.7364772037461418,0.8823529406574394,0.8003200366855567,0.7504000460236127,0.9999999993333333,0.9028409687742964,0.9079629758035107,0.8823529406574394
NP0332698,val,11,15,15,0.5314816975207861,0.5013086437110016,0.6521739127599243,0.6665212125359115,0.583151515836556,0.9999999993333333,0.7165137005161946,0.732598647455262,0.6521739127599243
NP0332699,test,14,14,14,0.7428438492659241,0.6785548117609764,0.9999999992857143,0.7454041340772624,0.6817551677751493,0.9999999992857143,0.9737375368623306,0.9671719212564845,0.9999999992857143
NP0332793,test,12,15,15,0.6775624245699604,0.6683816022260559,0.7142857139455782,0.827348624150327,0.7841857803545754,0.9999999993333333,0.791739260463459,0.8111026470929291,0.7142857139455782
NP0332795,test,15,15,15,0.8112435250137107,0.7640544064338051,0.9999999993333333,0.811484172616294,0.7643552159370343,0.9999999993333333,0.9959610214322081,0.9949512769569269,0.9999999993333333
NP0332796,test,15,15,15,0.8102557259872993,0.7628196576507908,0.9999999993333333,0.8098399009808888,0.7622998763927776,0.9999999993333333,0.99532291350854,0.9941536420523417,0.9999999993333333
NP0332808,val,54,60,60,0.8176422025346535,0.8137194198639186,0.8333333332175926,0.8533525862844678,0.8166907328972514,0.9999999998333333,0.9336129550129524,0.9586828604617923,0.8333333332175926
NP0332809,test,39,39,39,0.8062051976027313,0.7640064970643515,0.97499999975625,0.8085072448868584,0.7668840561695104,0.97499999975625,0.9745212755114593,0.9681515944534266,0.9999999997435898
NP0332810,test,38,39,39,0.7845619565218962,0.7428975676615909,0.9512195119631172,0.8095285319943367,0.7619106650570233,0.9999999997435898,0.9215299890613614,0.9141076083359224,0.9512195119631172
NP0332873,test,67,38,42,0.7055004046450728,0.738713112656184,0.5726495726006283,0.8374106755411724,0.8367633444684655,0.839999999832,0.7080685046529724,0.7510856308269355,0.53599999995712
NP0332875,test,20,24,24,0.6923536454193786,0.677942056832817,0.749999999765625,0.7775533667023062,0.7319417084738827,0.959999999616,0.7900417658206349,0.8057340255127081,0.7272727270523416
NP0332878,test,22,23,23,0.7910009700182615,0.7675973664540399,0.8846153842751479,0.8570125673205173,0.8212657092593423,0.9999999995652173,0.9065186509763643,0.9119944676516683,0.8846153842751479
NP0332903,val,16,21,21,0.7214342291517319,0.7324379477846181,0.6774193546201873,0.7765108141336494,0.7320021541391691,0.9545454541115702,0.7805008383570808,0.8062712092913041,0.6774193546201873
NP0332904,val,18,25,25,0.6638109894254984,0.6695073265665542,0.6410256408612754,0.7823713367993685,0.7279641710992105,0.9999999996,0.8162109253384751,0.8600072464577749,0.6410256408612754
NP0332905,val,21,18,21,0.7489757351047586,0.6975833053530557,0.9545454541115702,0.7255781987396278,0.7125283040521067,0.7777777774897119,0.8548710808418846,0.8741444066799277,0.7777777774897119
NP0332906,test,21,20,21,0.8343725839474411,0.7929657300533489,0.9999999995238095,0.7597498102798323,0.7309372629409362,0.8749999996354166,0.8873317368175799,0.8904146711131207,0.8749999996354166
NP0333010,test,12,12,12,0.8320432645663909,0.7900540809163218,0.9999999991666666,0.8330771098195529,0.7913463874827743,0.9999999991666666,0.9954830138182935,0.9943537674812003,0.9999999991666666
NP0333012,val,13,14,14,0.7533883053115982,0.7229853817762165,0.874999999453125,0.7950718278132818,0.7438397849451736,0.9999999992857143,0.960473018508699,0.9818412732725925,0.874999999453125
NP0333013,val,27,14,14,0.7150670630026497,0.7664753382113043,0.5094339621680313,0.8764049361642448,0.8455061703838773,0.9999999992857143,0.7957425438746457,0.8673196893012992,0.5094339621680313
NP0333042,test,19,20,20,0.8018501120499023,0.7750399128929564,0.9090909086776859,0.8223452908767064,0.7779316137208828,0.9999999995,0.9704530428494309,0.9857935763923671,0.9090909086776859
NP0333096,test,19,22,22,0.8000383050408572,0.803619309942653,0.7857142854336735,0.8301201174443071,0.7876501469190202,0.9999999995454545,0.930341983419644,0.9664989079161366,0.7857142854336735
NP0333100,val,32,35,35,0.7641823011952646,0.7418132423997916,0.8536585363771564,0.8276445315195494,0.7845556644708653,0.9999999997142857,0.9212508142632999,0.9381488837348357,0.8536585363771564
NP0333101,test,32,34,34,0.7828344367908475,0.7548588355211079,0.8947368418698061,0.8053660085081387,0.7638503678474181,0.9714285711510204,0.945617576791715,0.9583377605221922,0.8947368418698061
NP0333111,val,34,35,35,0.800014113200084,0.7697544836659636,0.9210526313365651,0.8274520814818932,0.784315101923795,0.9999999997142857,0.9507834425698154,0.9519928167896978,0.9459459456902849
NP0333133,test,17,18,18,0.8098302789445005,0.7872878487931256,0.89999999955,0.8634587415237991,0.8293234270436377,0.9999999994444444,0.9413400263526149,0.9516750330532686,0.89999999955
NP0333135,val,16,16,16,0.8085715323265907,0.7607144155644885,0.999999999375,0.8092683284693434,0.7615854107429293,0.999999999375,0.9798718652161527,0.9748398316764407,0.999999999375
NP0333136,val,16,20,20,0.6590161023062949,0.6451986993752156,0.7142857140306123,0.7819328198906883,0.7274160249883603,0.9999999995,0.8103662209307425,0.8343863476557749,0.7142857140306123
NP0333146,test,21,21,21,0.8697333876224734,0.8371667346471393,0.9999999995238095,0.868518547281566,0.835648184221005,0.9999999995238095,0.9765885770699123,0.9707357214564379,0.9999999995238095
NP0333147,test,21,20,20,0.7640037450112235,0.7267438117980558,0.9130434778638941,0.807822568427258,0.7597782106590724,0.9999999995,0.9428244157037087,0.9502696501636623,0.9130434778638941
NP0333148,test,20,20,20,0.7307453032034164,0.6634316291292703,0.9999999995,0.7329477830495945,0.666184728936993,0.9999999995,0.9955350533120089,0.9944188167650111,0.9999999995
NP0333149,test,22,20,20,0.7768852108046975,0.7595680520487712,0.8461538458284024,0.8109242382878348,0.7636552979847935,0.9999999995,0.9315105490705179,0.9528497248810467,0.8461538458284024
NP0333150,test,19,20,20,0.7933165780764848,0.7643729954261844,0.9090909086776859,0.822969342508332,0.778711678260415,0.9999999995,0.9638433914263289,0.9775315121134895,0.9090909086776859
NP0333151,val,21,21,21,0.7230016182977802,0.6537520229912728,0.9999999995238095,0.7237877197461056,0.6547346498016795,0.9999999995238095,0.9960526162109405,0.9950657703827233,0.9999999995238095
NP0333152,test,18,20,20,0.6646798777846639,0.6225165139843021,0.8333333329861111,0.7351637435548815,0.6689546795686017,0.9999999995,0.9131046080625025,0.9330474268316001,0.8333333329861111
NP0333162,test,18,21,21,0.808864742388624,0.816636483613352,0.7777777774897119,0.8692100022360888,0.8365125029141586,0.9999999995238095,0.9190019711878568,0.9543080196123929,0.7777777774897119
NP0333163,test,21,23,23,0.7972138153993472,0.7835543063650962,0.8518518515363511,0.8313341550084389,0.7891676938692441,0.9999999995652173,0.9435139441071277,0.9664294672498219,0.8518518515363511
NP0333164,test,16,20,13,0.8010435301992526,0.8194862310135285,0.7272727269421487,0.7600739784689416,0.8030336496000178,0.5882352939446367,0.9071565369157466,0.9553742426370301,0.7142857140306123
NP0333173,val,30,31,31,0.8333647786540619,0.8068574885402586,0.9393939391092745,0.8549933253217553,0.8187416567328393,0.9999999996774194,0.9744928729850391,0.9832676064539803,0.9393939391092745
NP0333174,val,30,30,30,0.844846857565106,0.8060585720397158,0.9999999996666666,0.8453599362092763,0.8066999203449288,0.9999999996666666,0.9954823094047758,0.9943528868393029,0.9999999996666666
NP0333175,test,32,29,29,0.7856916454998816,0.7769863517992438,0.8205128203024326,0.8434760103862049,0.804345013068963,0.9999999996551724,0.9198687646369114,0.944707750720531,0.8205128203024326
NP0333176,test,32,32,32,0.8496927798406979,0.8121159748789972,0.9999999996875,0.8514049671689798,0.8142562090393497,0.9999999996875,0.99571690010607,0.9946461252107124,0.9999999996875
NP0333185,val,29,28,28,0.8656806338352918,0.8482298246276215,0.9354838706659729,0.8826778193293666,0.853347274250994,0.9999999996428571,0.9555227157695863,0.9605324270454895,0.9354838706659729
NP0333203,val,16,16,16,0.7489212411233115,0.6861515515603893,0.999999999375,0.750223385361817,0.6877792318585211,0.999999999375,0.9942298799179627,0.9927873500537034,0.999999999375
NP0333204,test,16,16,16,0.8352078265031835,0.7940097832852293,0.999999999375,0.8370907204937155,0.7963634007733943,0.999999999375,0.9940255922379402,0.9925319904536751,0.999999999375
NP0333242,val,18,25,25,0.6899422867314455,0.7021714481989879,0.6410256408612754,0.8706556023834253,0.8383195030792817,0.9999999996,0.7891403045089909,0.8261689704209196,0.6410256408612754
NP0333455,val,10,19,19,0.5027981487705716,0.5001193076195329,0.5135135133747261,0.8094918527963162,0.7618648161269742,0.9999999994736841,0.6065551577234919,0.6298155688106833,0.5135135133747261
NP0333456,val,18,19,19,0.7748181842345059,0.742332254210366,0.9047619043310657,0.8299343173692368,0.787417896843125,0.9999999994736841,0.9404161398021279,0.9493296986698934,0.9047619043310657
NP0333518,val,33,38,38,0.7785603254393669,0.7752837401737745,0.7916666665017361,0.8472220427439263,0.8090275534956973,0.9999999997368421,0.8980125348066691,0.9245990018829022,0.7916666665017361
NP0333520,val,38,39,39,0.826655620350229,0.7955146474470068,0.9512195119631172,0.8416244453391603,0.8020305567380528,0.9999999997435898,0.9667593134182527,0.9706442637820365,0.9512195119631172
NP0333522,val,82,87,88,0.8004374249411619,0.782724999019801,0.8712871286266053,0.8161516210088159,0.7784312845293448,0.9670329669266997,0.9519460523811725,0.9657057613758703,0.8969072164023808
NP0333524,test,82,86,87,0.7952052154256068,0.7720677437944512,0.8877551019502291,0.8124384217790781,0.7738813605840327,0.9666666665592594,0.947670599054963,0.9558648445877168,0.9148936169239476
NP0333525,val,84,87,88,0.7992888189235539,0.7699443570116471,0.9166666665711806,0.8136124269246875,0.7752572919241844,0.9670329669266997,0.9559857258244805,0.9611111895638124,0.9354838708671523
NP0333526,val,84,86,87,0.8015161554934249,0.770512215667992,0.9255319147951563,0.8169921276200508,0.7795734928852486,0.9666666665592594,0.9571315747365312,0.9601507321828907,0.9450549449510929
NP0333528,test,85,87,88,0.807371113240469,0.7776349442065418,0.9263157893761773,0.8202440621896507,0.7835468360053884,0.9670329669266997,0.957934048375702,0.9584065714849032,0.9560439559388964
NP0333562,val,25,27,27,0.8439895347507472,0.8372449830248023,0.8709677416545265,0.8822903233527783,0.8528629042835654,0.9999999996296296,0.9514724690578853,0.971598650908725,0.8709677416545265
NP0333563,test,21,27,27,0.7572934861695881,0.7735399346794407,0.6923076921301775,0.8522431407628357,0.8153039260461372,0.9999999996296296,0.8425086279345722,0.8800588618856707,0.6923076921301775
NP0333565,val,14,16,32,0.6288095059510652,0.6683648236326031,0.47058823522491355,0.6399798528690239,0.6749748161058111,0.49999999992187505,0.9256872943686945,0.957109118060868,0.7999999996
NP0333622,test,21,21,21,0.8732530255514682,0.8415662820583828,0.9999999995238095,0.8724112516321106,0.8405140646591859,0.9999999995238095,0.9965813749655695,0.9957267188260095,0.9999999995238095
NP0333702,test,32,32,32,0.8480503099305179,0.8100628874912724,0.9999999996875,0.8464260971370727,0.8080326214994658,0.9999999996875,0.9867436399364569,0.983429549998696,0.9999999996875
NP0333727,val,18,18,18,0.8077045179704037,0.7596306476018935,0.9999999994444444,0.8050666583272381,0.7563333230479364,0.9999999994444444,0.9757646453367568,0.9697058068098348,0.9999999994444444
NP0333728,test,19,20,20,0.736433275879949,0.6932688676805147,0.9090909086776859,0.7729893680229012,0.7162367101536264,0.9999999995,0.9698322897329901,0.985017634996816,0.9090909086776859
NP0333729,val,21,20,20,0.7665105482225594,0.7298773158122257,0.9130434778638941,0.7911851411095212,0.7389814265119016,0.9999999995,0.9326013081747301,0.9374907657524391,0.9130434778638941
NP0333732,val,35,37,36,0.7917713072270729,0.7528720288330101,0.9473684208033241,0.7847732773979744,0.7437871096287961,0.9487179484746877,0.9683307019845873,0.9848036214381998,0.9024390241701368
NP0333770,test,18,10,21,0.9068900360806912,0.9391681007284359,0.7777777774897119,0.7861544198042413,0.8606000015278814,0.4883720929096809,0.8201638793599808,0.8928519080624326,0.529411764550173
NP0333772,val,54,29,29,0.7334055681575228,0.7869492679016926,0.5192307691808432,0.8384849858738934,0.7981062324285737,0.9999999996551724,0.7973862135034967,0.86692507458416,0.5192307691808432
